<?xml version="1.0" encoding="UTF-8"?>
<Configuration status="INFO">
    <Appenders>
        <Console name="Console" target="SYSTEM_OUT">
            <PatternLayout pattern="%d{HH:mm:ss.SSS} %highlight{%-5level [%logger{36}] - %C{1}.%method:%L} - %msg%n"/>
        </Console>
        <RollingFile name="RollingFile" fileName="log/log.log" filePattern="log/log-%d{yyyy-MM-dd}-%i.log">
            <PatternLayout pattern="%d{yyy-MM-dd HH:mm:ss.SSS} [%t] %-5level %logger{36} - %l - %msg%n"/>
            <Policies>
                <TimeBasedTriggeringPolicy/>
                <SizeBasedTriggeringPolicy size="10 MB"/>
            </Policies>
            <DefaultRolloverStrategy>
                <Delete basePath="log/" maxDepth="1">
                    <IfFileName glob="log-*"/>
                    <IfAccumulatedFileCount exceeds="10"/>
                </Delete>
            </DefaultRolloverStrategy>
        </RollingFile>
    </Appenders>
    <Loggers>
        <Logger name="fr.mrcraftcod" level="info">
            <AppenderRef ref="Console"/>
            <AppenderRef ref="RollingFile"/>
        </Logger>
        <Root level="error">
        </Root>
    </Loggers>
</Configuration>